{"label":{"0":"<vector<vector<int>> (Jets)","1":"<vector<vector<ElementLink> (Electrons)","2":"<vector<vector<vector<char>>> (MET)"},"Uproot default":{"0":4.036087196,"1":23.346487125,"2":1.273862861},"Custom deserialization":{"0":0.056697972,"1":0.004347634,"2":0.105900191},"Only decompression":{"0":0.030300676,"1":0.002514378,"2":0.002085538},"ROOT TTree::Draw":{"0":0.3917219639,"1":0.0558776855,"2":0.1350290775}}